Rank,CCA3,Country/Territory,Capital,Continent,2022,2020,2015,2010,2000,1990,1980,1970,Area (km²),Density (per km²),Growth Rate,World,Growth_from_1970_to_2022,Growth_from_1970_to_2020,Growth_from_1970_to_2015,Growth_from_1970_to_2010,Growth_from_1970_to_2000,Growth_from_1970_to_1990,Growth_from_1970_to_1980
36,AFG,Afghanistan,Kabul,Asia,41128771,38972230,33753499,28189672,19542982,10694796,12486631,10752971,652230,63.0587,1.0257,0.52,30375800,28219259,23000528,17436701,8790011,-58175,1733660
138,ALB,Albania,Tirana,Europe,2842321,2866849,2882481,2913399,3182021,3295066,2941651,2324731,28748,98.8702,0.9957,0.04,517590,542118,557750,588668,857290,970335,616920
34,DZA,Algeria,Algiers,Africa,44903225,43451666,39543154,35856344,30774621,25518074,18739378,13795915,2381741,18.8531,1.0164,0.56,31107310,29655751,25747239,22060429,16978706,11722159,4943463
213,ASM,American Samoa,Pago Pago,Oceania,44273,46189,51368,54849,58230,47818,32886,27075,199,222.4774,0.9831,0.0,17198,19114,24293,27774,31155,20743,5811
203,AND,Andorra,Andorra la Vella,Europe,79824,77700,71746,71519,66097,53569,35611,19860,468,170.5641,1.01,0.0,59964,57840,51886,51659,46237,33709,15751
42,AGO,Angola,Luanda,Africa,35588987,33428485,28127721,23364185,16394062,11828638,8330047,6029700,1246700,28.5466,1.0315,0.45,29559287,27398785,22098021,17334485,10364362,5798938,2300347
224,AIA,Anguilla,The Valley,North America,15857,15585,14525,13172,11047,8316,6560,6283,91,174.2527,1.0066,0.0,9574,9302,8242,6889,4764,2033,277
201,ATG,Antigua and Barbuda,Saint John’s,North America,93763,92664,89941,85695,75055,63328,64888,64516,442,212.1335,1.0058,0.0,29247,28148,25425,21179,10539,-1188,372
33,ARG,Argentina,Buenos Aires,South America,45510318,45036032,43257065,41100123,37070774,32637657,28024803,23842803,2780400,16.3683,1.0052,0.57,21667515,21193229,19414262,17257320,13227971,8794854,4182000
140,ARM,Armenia,Yerevan,Asia,2780469,2805608,2878595,2946293,3168523,3556539,3135123,2534377,29743,93.4831,0.9962,0.03,246092,271231,344218,411916,634146,1022162,600746
198,ABW,Aruba,Oranjestad,North America,106445,106585,104257,100341,89101,65712,62267,59106,180,591.3611,0.9991,0.0,47339,47479,45151,41235,29995,6606,3161
55,AUS,Australia,Canberra,Oceania,26177413,25670051,23820236,22019168,19017963,17048003,14706322,12595034,7692024,3.4032,1.0099,0.33,13582379,13075017,11225202,9424134,6422929,4452969,2111288
99,AUT,Austria,Vienna,Europe,8939617,8907777,8642421,8362829,8010428,7678729,7547561,7465301,83871,106.5877,1.002,0.11,1474316,1442476,1177120,897528,545127,213428,82260
91,AZE,Azerbaijan,Baku,Asia,10358074,10284951,9863480,9237202,8190337,7427836,6383060,5425317,86600,119.6082,1.0044,0.13,4932757,4859634,4438163,3811885,2765020,2002519,957743
176,BHS,Bahamas,Nassau,North America,409984,406471,392697,373272,325014,270679,223752,179129,13943,29.4043,1.0051,0.01,230855,227342,213568,194143,145885,91550,44623
154,BHR,Bahrain,Manama,Asia,1472233,1477469,1362142,1213645,711442,517418,362595,222555,765,1924.4876,1.0061,0.02,1249678,1254914,1139587,991090,488887,294863,140040
8,BGD,Bangladesh,Dhaka,Asia,171186372,167420951,157830000,148391139,129193327,107147651,83929765,67541860,147570,1160.035,1.0108,2.15,103644512,99879091,90288140,80849279,61651467,39605791,16387905
186,BRB,Barbados,Bridgetown,North America,281635,280693,278083,274711,264657,258868,253575,241397,430,654.9651,1.0015,0.0,40238,39296,36686,33314,23260,17471,12178
96,BLR,Belarus,Minsk,Europe,9534954,9633740,9700609,9731427,10256483,10428525,9817257,9170786,207600,45.9295,0.9955,0.12,364168,462954,529823,560641,1085697,1257739,646471
81,BEL,Belgium,Brussels,Europe,11655930,11561717,11248303,10877947,10264343,9959560,9828986,9629376,30528,381.8111,1.0038,0.15,2026554,1932341,1618927,1248571,634967,330184,199610
177,BLZ,Belize,Belmopan,North America,405272,394921,359871,322106,240406,182589,145133,120905,22966,17.6466,1.0131,0.01,284367,274016,238966,201201,119501,61684,24228
77,BEN,Benin,Porto-Novo,Africa,13352864,12643123,10932783,9445710,6998023,5133419,3833939,3023443,112622,118.5635,1.0274,0.17,10329421,9619680,7909340,6422267,3974580,2109976,810496
206,BMU,Bermuda,Hamilton,North America,64184,64031,63144,63447,61371,57470,53565,52019,54,1188.5926,1.0,0.0,12165,12012,11125,11428,9352,5451,1546
165,BTN,Bhutan,Thimphu,Asia,782455,772506,743274,705516,587207,558442,415257,298894,38394,20.3796,1.0064,0.01,483561,473612,444380,406622,288313,259548,116363
80,BOL,Bolivia,Sucre,South America,12224110,11936162,11090085,10223270,8592656,7096194,5736088,4585693,1098581,11.1272,1.012,0.15,7638417,7350469,6504392,5637577,4006963,2510501,1150395
137,BIH,Bosnia and Herzegovina,Sarajevo,Europe,3233526,3318407,3524324,3811088,4179350,4494310,4199820,3815561,51209,63.1437,0.9886,0.04,-582035,-497154,-291237,-4473,363789,678749,384259
144,BWA,Botswana,Gaborone,Africa,2630296,2546402,2305171,2091664,1726985,1341474,938578,592244,582000,4.5194,1.0162,0.03,2038052,1954158,1712927,1499420,1134741,749230,346334
7,BRA,Brazil,Brasilia,South America,215313498,213196304,205188205,196353492,175873720,150706446,122288383,96369875,8515767,25.2841,1.0046,2.7,118943623,116826429,108818330,99983617,79503845,54336571,25918508
221,VGB,British Virgin Islands,Road Town,North America,31305,30910,29366,27556,20104,15617,11109,9581,151,207.3179,1.0059,0.0,21724,21329,19785,17975,10523,6036,1528
175,BRN,Brunei,Bandar Seri Begawan,Asia,449002,441725,421437,396053,333926,261928,187921,133343,5765,77.8841,1.0081,0.01,315659,308382,288094,262710,200583,128585,54578
108,BGR,Bulgaria,Sofia,Europe,6781953,6979175,7309253,7592273,8097691,8767778,8980606,8582950,110879,61.1654,0.9849,0.09,-1800997,-1603775,-1273697,-990677,-485259,184828,397656
58,BFA,Burkina Faso,Ouagadougou,Africa,22673762,21522626,18718019,16116845,11882888,9131361,6932967,5611666,272967,83.0641,1.0259,0.28,17062096,15910960,13106353,10505179,6271222,3519695,1321301
78,BDI,Burundi,Bujumbura,Africa,12889576,12220227,10727148,9126605,6307659,5483793,4312834,3497834,27834,463.0874,1.027,0.16,9391742,8722393,7229314,5628771,2809825,1985959,815000
73,KHM,Cambodia,Phnom Penh,Asia,16767842,16396860,15417523,14363532,12118841,8910808,6198959,6708525,181035,92.6221,1.0108,0.21,10059317,9688335,8708998,7655007,5410316,2202283,-509566
53,CMR,Cameroon,Yaounde,Africa,27914536,26491087,23012646,19878036,15091594,11430520,8519891,6452787,475442,58.7128,1.0263,0.35,21461749,20038300,16559859,13425249,8638807,4977733,2067104
39,CAN,Canada,Ottawa,North America,38454327,37888705,35732126,33963412,30683313,27657204,24511510,21434577,9984670,3.8513,1.0078,0.48,17019750,16454128,14297549,12528835,9248736,6222627,3076933
171,CPV,Cape Verde,Praia,Africa,593149,582640,552166,521212,458251,364563,317234,287262,4033,147.0739,1.0089,0.01,305887,295378,264904,233950,170989,77301,29972
205,CYM,Cayman Islands,George Town,North America,68706,67311,60911,54074,39658,26027,17100,10533,264,260.25,1.0084,0.0,58173,56778,50378,43541,29125,15494,6567
117,CAF,Central African Republic,Bangui,Africa,5579144,5343020,4819333,4660067,3759170,2809221,2415276,2067356,622984,8.9555,1.0224,0.07,3511788,3275664,2751977,2592711,1691814,741865,347920
69,TCD,Chad,N'Djamena,Africa,17723315,16644701,14140274,11894727,8259137,5827069,4408230,3667394,1284000,13.8032,1.0316,0.22,14055921,12977307,10472880,8227333,4591743,2159675,740836
65,CHL,Chile,Santiago,South America,19603733,19300315,17870124,17004162,15351799,13342868,11469828,9820481,756102,25.9274,1.0057,0.25,9783252,9479834,8049643,7183681,5531318,3522387,1649347
1,CHN,China,Beijing,Asia,1425887337,1424929781,1393715448,1348191368,1264099069,1153704252,982372466,822534450,9706961,146.8933,1.0,17.88,603352887,602395331,571180998,525656918,441564619,331169802,159838016
28,COL,Colombia,Bogota,South America,51874024,50930662,47119728,44816108,39215135,32601393,26176195,20905254,1141748,45.4339,1.0069,0.65,30968770,30025408,26214474,23910854,18309881,11696139,5270941
163,COM,Comoros,Moroni,Africa,836774,806166,730216,656024,536758,431119,328328,242351,1862,449.3953,1.0184,0.01,594423,563815,487865,413673,294407,188768,85977
223,COK,Cook Islands,Avarua,Oceania,17011,17029,17695,17212,15897,17123,17651,20470,236,72.0805,1.0005,0.0,-3459,-3441,-2775,-3258,-4573,-3347,-2819
124,CRI,Costa Rica,San José,North America,5180829,5123105,4895242,4622252,3979193,3158253,2414303,1855697,51100,101.3861,1.0052,0.06,3325132,3267408,3039545,2766555,2123496,1302556,558606
130,HRV,Croatia,Zagreb,Europe,4030358,4096868,4254815,4368682,4548434,4873707,4680144,4492638,56594,71.2153,0.9927,0.05,-462280,-395770,-237823,-123956,55796,381069,187506
85,CUB,Cuba,Havana,North America,11212191,11300698,11339894,11290417,11105791,10626680,9809107,8869636,109884,102.0366,0.9961,0.14,2342555,2431062,2470258,2420781,2236155,1757044,939471
189,CUW,Curacao,Willemstad,North America,191163,189288,169572,159380,141424,155446,156851,150385,444,430.5473,1.0043,0.0,40778,38903,19187,8995,-8961,5061,6466
158,CYP,Cyprus,Nicosia,Europe,1251488,1237537,1187280,1129686,948237,788500,679327,640804,9251,135.2814,1.0059,0.02,610684,596733,546476,488882,307433,147696,38523
88,CZE,Czech Republic,Prague,Europe,10493986,10530953,10523798,10464749,10234710,10301192,10270060,9795744,78865,133.0627,0.9984,0.13,698242,735209,728054,669005,438966,505448,474316
115,DNK,Denmark,Copenhagen,Europe,5882261,5825641,5677796,5550849,5340655,5144623,5125392,4922963,43094,136.4984,1.0048,0.07,959298,902678,754833,627886,417692,221660,202429
160,DJI,Djibouti,Djibouti,Africa,1120849,1090156,1006259,919199,742033,577173,324121,144379,23200,48.3125,1.0138,0.01,976470,945777,861880,774820,597654,432794,179742
204,DMA,Dominica,Roseau,North America,72737,71995,70007,68755,68346,69481,72978,68895,751,96.8535,1.0045,0.0,3842,3100,1112,-140,-549,586,4083
84,DOM,Dominican Republic,Santo Domingo,North America,11228821,10999664,10405832,9775755,8540791,7129004,5755800,4475871,48671,230.7087,1.01,0.14,6752950,6523793,5929961,5299884,4064920,2653133,1279929
15,COD,DR Congo,Kinshasa,Africa,99010212,92853164,78656904,66391257,48616317,35987541,26708686,20151733,2344858,42.2244,1.0325,1.24,78858479,72701431,58505171,46239524,28464584,15835808,6556953
67,ECU,Ecuador,Quito,South America,18001000,17588595,16195902,14989585,12626507,10449837,8135845,6172215,276841,65.0229,1.0114,0.23,11828785,11416380,10023687,8817370,6454292,4277622,1963630
14,EGY,Egypt,Cairo,Africa,110990103,107465134,97723799,87252413,71371371,57214630,43748556,34781986,1002450,110.7188,1.0158,1.39,76208117,72683148,62941813,52470427,36589385,22432644,8966570
112,SLV,El Salvador,San Salvador,North America,6336392,6292731,6231066,6114034,5958482,5367179,4508992,3619090,21041,301.145,1.0035,0.08,2717302,2673641,2611976,2494944,2339392,1748089,889902
152,GNQ,Equatorial Guinea,Malabo,Africa,1674908,1596049,1346973,1094524,684977,465549,282509,316955,28051,59.7094,1.0247,0.02,1357953,1279094,1030018,777569,368022,148594,-34446
132,ERI,Eritrea,Asmara,Africa,3684032,3555868,3340006,3147727,2392880,2149960,1657982,1272748,117600,31.3268,1.0176,0.05,2411284,2283120,2067258,1874979,1120132,877212,385234
156,EST,Estonia,Tallinn,Europe,1326062,1329444,1314657,1331535,1396877,1570674,1476983,1361999,45227,29.3201,0.998,0.02,-35937,-32555,-47342,-30464,34878,208675,114984
159,SWZ,Eswatini,Mbabane,Africa,1201670,1180655,1133936,1099920,1030496,854011,598564,442865,17364,69.2047,1.0079,0.02,758805,737790,691071,657055,587631,411146,155699
12,ETH,Ethiopia,Addis Ababa,Africa,123379924,117190911,102471895,89237791,67031867,47878073,34945469,28308246,1104300,111.7268,1.0257,1.55,95071678,88882665,74163649,60929545,38723621,19569827,6637223
231,FLK,Falkland Islands,Stanley,South America,3780,3747,3408,3187,3080,2332,2240,2274,12173,0.3105,1.0043,0.0,1506,1473,1134,913,806,58,-34
209,FRO,Faroe Islands,Tórshavn,Europe,53090,52415,48816,48410,45660,47479,43054,38416,1393,38.112,1.0038,0.0,14674,13999,10400,9994,7244,9063,4638
162,FJI,Fiji,Suva,Oceania,929766,920422,917200,905169,832509,780430,644582,527634,18272,50.8847,1.0056,0.01,402132,392788,389566,377535,304875,252796,116948
118,FIN,Finland,Helsinki,Europe,5540745,5529468,5479461,5363271,5176209,4986545,4779418,4606621,338424,16.3722,1.0009,0.07,934124,922847,872840,756650,569588,379924,172797
23,FRA,France,Paris,Europe,64626628,64480053,63809769,62444567,58665453,56412897,53713830,50523586,551695,117.1419,1.0015,0.81,14103042,13956467,13286183,11920981,8141867,5889311,3190244
184,GUF,French Guiana,Cayenne,South America,304557,290969,257026,228453,164351,113931,66825,46484,83534,3.6459,1.0239,0.0,258073,244485,210542,181969,117867,67447,20341
183,PYF,French Polynesia,Papeete,Oceania,306279,301920,291787,283788,250927,211089,163591,117891,4167,73.5011,1.0074,0.0,188388,184029,173896,165897,133036,93198,45700
146,GAB,Gabon,Libreville,Africa,2388992,2292573,2028517,1711105,1272935,983028,749078,597192,267668,8.9252,1.0204,0.03,1791800,1695381,1431325,1113913,675743,385836,151886
142,GMB,Gambia,Banjul,Africa,2705992,2573995,2253133,1937275,1437539,1040616,718586,528731,10689,253.1567,1.025,0.03,2177261,2045264,1724402,1408544,908808,511885,189855
131,GEO,Georgia,Tbilisi,Asia,3744385,3765912,3771132,3836831,4265172,5391636,5145843,4800426,69700,53.7214,0.9964,0.05,-1056041,-1034514,-1029294,-963595,-535254,591210,345417
19,DEU,Germany,Berlin,Europe,83369843,83328988,82073226,81325090,81551677,79370196,77786703,78294583,357114,233.4544,0.9995,1.05,5075260,5034405,3778643,3030507,3257094,1075613,-507880
47,GHA,Ghana,Accra,Africa,33475870,32180401,28870939,25574719,19665502,15446982,11865246,8861895,238533,140.3406,1.0196,0.42,24613975,23318506,20009044,16712824,10803607,6585087,3003351
219,GIB,Gibraltar,Gibraltar,Europe,32649,32709,32520,31262,27741,27317,28734,26685,6,5441.5,0.9994,0.0,5964,6024,5835,4577,1056,632,2049
90,GRC,Greece,Athens,Europe,10384971,10512232,10806641,11033783,11038109,10302255,9307148,8544873,131990,78.68,0.9942,0.13,1840098,1967359,2261768,2488910,2493236,1757382,762275
208,GRL,Greenland,Nuuk,North America,56466,56026,55895,56351,56184,55599,50106,45434,2166086,0.0261,1.004,0.0,11032,10592,10461,10917,10750,10165,4672
193,GRD,Grenada,Saint George's,North America,125438,123663,118980,114039,107432,99047,94838,98794,344,364.6453,1.0066,0.0,26644,24869,20186,15245,8638,253,-3956
178,GLP,Guadeloupe,Basse-Terre,North America,395752,395642,399089,403072,424067,391951,334234,318310,1628,243.0909,0.9992,0.0,77442,77332,80779,84762,105757,73641,15924
191,GUM,Guam,Hagåtña,Oceania,171774,169231,167978,164905,160188,138263,110286,88300,549,312.8852,1.0073,0.0,83474,80931,79678,76605,71888,49963,21986
68,GTM,Guatemala,Guatemala City,North America,17843908,17362718,16001107,14543121,11735894,9084780,6987767,5453208,108889,163.8725,1.0134,0.22,12390700,11909510,10547899,9089913,6282686,3631572,1534559
207,GGY,Guernsey,Saint Peter Port,Europe,63301,62794,61629,60782,59114,57727,52860,52656,78,811.5513,1.0037,0.0,10645,10138,8973,8126,6458,5071,204
75,GIN,Guinea,Conakry,Africa,13859341,13205153,11625998,10270728,8336967,6354145,4972609,4222374,245857,56.3716,1.0242,0.17,9636967,8982779,7403624,6048354,4114593,2131771,750235
149,GNB,Guinea-Bissau,Bissau,Africa,2105566,2015828,1788919,1567220,1230849,973551,831462,591663,36125,58.2856,1.0218,0.03,1513903,1424165,1197256,975557,639186,381888,239799
164,GUY,Guyana,Georgetown,South America,808726,797202,755031,747932,759051,747116,778176,705261,214969,3.7621,1.0052,0.01,103465,91941,49770,42671,53790,41855,72915
82,HTI,Haiti,Port-au-Prince,North America,11584996,11306801,10563757,9842880,8360225,6925331,5646676,4680812,27750,417.4773,1.012,0.15,6904184,6625989,5882945,5162068,3679413,2244519,965864
89,HND,Honduras,Tegucigalpa,North America,10432860,10121763,9294505,8450933,6656725,5053234,3777990,2782753,112492,92.7431,1.015,0.13,7650107,7339010,6511752,5668180,3873972,2270481,995237
104,HKG,Hong Kong,Hong Kong,Asia,7488865,7500958,7399838,7132438,6731195,5838574,4978544,3955072,1104,6783.3922,0.9992,0.09,3533793,3545886,3444766,3177366,2776123,1883502,1023472
94,HUN,Hungary,Budapest,Europe,9967308,9750573,9844246,9986825,10202055,10375989,10698679,10315366,93028,107.1431,1.0265,0.12,-348058,-564793,-471120,-328541,-113311,60623,383313
179,ISL,Iceland,Reykjavík,Europe,372899,366669,331060,318333,281462,255019,228263,204468,103000,3.6204,1.0069,0.0,168431,162201,126592,113865,76994,50551,23795
2,IND,India,New Delhi,Asia,1417173173,1396387127,1322866505,1240613620,1059633675,870452165,696828385,557501301,3287590,431.0675,1.0068,17.77,859671872,838885826,765365204,683112319,502132374,312950864,139327084
4,IDN,Indonesia,Jakarta,Asia,275501339,271857970,259091970,244016173,214072421,182159874,148177096,115228394,1904569,144.6529,1.0064,3.45,160272945,156629576,143863576,128787779,98844027,66931480,32948702
17,IRN,Iran,Tehran,Asia,88550570,87290193,81790841,75373855,65544383,55793629,38520664,28449705,1648195,53.7258,1.0071,1.11,60100865,58840488,53341136,46924150,37094678,27343924,10070959
35,IRQ,Iraq,Baghdad,Asia,44496122,42556984,37757813,31264875,24628858,17658381,13653369,9811347,438317,101.5158,1.0221,0.56,34684775,32745637,27946466,21453528,14817511,7847034,3842022
125,IRL,Ireland,Dublin,Europe,5023109,4946119,4665760,4524585,3768950,3485374,3391387,2937637,70273,71.4799,1.0073,0.06,2085472,2008482,1728123,1586948,831313,547737,453750
202,IMN,Isle of Man,Douglas,Europe,84519,84046,83593,83828,75562,68865,64022,55298,572,147.7605,1.003,0.0,29221,28748,28295,28530,20264,13567,8724
98,ISR,Israel,Jerusalem,Asia,9038309,8757489,8007778,7328445,6116958,4803254,3744608,2907307,20770,435.1617,1.0155,0.11,6131002,5850182,5100471,4421138,3209651,1895947,837301
25,ITA,Italy,Rome,Europe,59037474,59500579,60232906,59822450,56966397,56756561,56329482,53324036,301336,195.9191,0.9966,0.74,5713438,6176543,6908870,6498414,3642361,3432525,3005446
52,CIV,Ivory Coast,Yamoussoukro,Africa,28160542,26811790,23596741,21120042,16799670,11910540,8303809,5477086,322463,87.3295,1.0248,0.35,22683456,21334704,18119655,15642956,11322584,6433454,2826723
139,JAM,Jamaica,Kingston,North America,2827377,2820436,2794445,2733896,2612205,2392030,2135546,1859091,10991,257.2447,0.9999,0.04,968286,961345,935354,874805,753114,532939,276455
11,JPN,Japan,Tokyo,Asia,123951692,125244761,127250933,128105431,126803861,123686321,117624196,105416839,377930,327.9753,0.9947,1.55,18534853,19827922,21834094,22688592,21387022,18269482,12207357
195,JEY,Jersey,Saint Helier,Europe,110778,108319,100561,96151,86192,82874,75124,68347,116,954.9828,1.0106,0.0,42431,39972,32214,27804,17845,14527,6777
83,JOR,Jordan,Amman,Asia,11285869,10928721,9494246,6931258,5056174,3480587,2216903,1557374,89342,126.3221,1.0123,0.14,9728495,9371347,7936872,5373884,3498800,1923213,659529
66,KAZ,Kazakhstan,Nursultan,Asia,19397998,18979243,17835909,16627837,15236253,16866563,14172710,12265305,2724900,7.1188,1.0105,0.24,7132693,6713938,5570604,4362532,2970948,4601258,1907405
27,KEN,Kenya,Nairobi,Africa,54027487,51985780,46851488,41517895,30851606,23162269,16187124,11473087,580367,93.0919,1.0193,0.68,42554400,40512693,35378401,30044808,19378519,11689182,4714037
192,KIR,Kiribati,Tarawa,Oceania,131232,126463,116707,107995,88826,75124,60813,57437,811,161.815,1.0183,0.0,73795,69026,59270,50558,31389,17687,3376
129,KWT,Kuwait,Kuwait City,Asia,4268873,4360444,3908743,2943356,1934901,1674938,1493870,802786,17818,239.5821,1.0044,0.05,3466087,3557658,3105957,2140570,1132115,872152,691084
110,KGZ,Kyrgyzstan,Bishkek,Asia,6630623,6424874,5914980,5483774,4935182,4394734,3691209,3016384,199951,33.1612,1.0158,0.08,3614239,3408490,2898596,2467390,1918798,1378350,674825
103,LAO,Laos,Vientiane,Asia,7529475,7319399,6787419,6323418,5430853,4314443,3297519,2675283,236800,31.7968,1.0141,0.09,4854192,4644116,4112136,3648135,2755570,1639160,622236
151,LVA,Latvia,Riga,Europe,1850651,1897052,1991955,2101530,2392530,2689391,2572037,2397414,64559,28.666,0.9876,0.02,-546763,-500362,-405459,-295884,-4884,291977,174623
119,LBN,Lebanon,Beirut,Asia,5489739,5662923,6398940,4995800,4320642,3593700,2963702,2381791,10452,525.2334,0.9816,0.07,3107948,3281132,4017149,2614009,1938851,1211909,581911
147,LSO,Lesotho,Maseru,Africa,2305825,2254100,2118521,2022747,1998630,1798997,1407672,1023481,30355,75.962,1.0107,0.03,1282344,1230619,1095040,999266,975149,775516,384191
121,LBR,Liberia,Monrovia,Africa,5302681,5087584,4612329,4019956,2895224,2209731,1932169,1463563,111369,47.6136,1.021,0.07,3839118,3624021,3148766,2556393,1431661,746168,468606
107,LBY,Libya,Tripoli,Africa,6812341,6653942,6192235,6491988,5154790,4236983,2962720,1909177,1759540,3.8717,1.0114,0.09,4903164,4744765,4283058,4582811,3245613,2327806,1053543
216,LIE,Liechtenstein,Vaduz,Europe,39327,38756,37355,35926,33026,28765,25003,21089,160,245.7937,1.0074,0.0,18238,17667,16266,14837,11937,7676,3914
141,LTU,Lithuania,Vilnius,Europe,2750055,2820267,2963765,3139019,3599637,3785847,3521206,3210147,65300,42.1142,0.9869,0.03,-460092,-389880,-246382,-71128,389490,575700,311059
168,LUX,Luxembourg,Luxembourg,Europe,647599,630399,569408,507070,435628,381267,363741,339342,2586,250.425,1.0129,0.01,308257,291057,230066,167728,96286,41925,24399
167,MAC,Macau,Concelho de Macau,Asia,695168,676283,615239,557297,431896,350227,245332,247284,30,23172.2667,1.0125,0.01,447884,428999,367955,310013,184612,102943,-1952
50,MDG,Madagascar,Antananarivo,Africa,29611714,28225177,24850912,21731053,16216431,11882762,8948162,6639751,587041,50.4423,1.0241,0.37,22971963,21585426,18211161,15091302,9576680,5243011,2308411
62,MWI,Malawi,Lilongwe,Africa,20405317,19377061,16938942,14718422,11229387,9539665,6267369,4625141,118484,172.22,1.0259,0.26,15780176,14751920,12313801,10093281,6604246,4914524,1642228
45,MYS,Malaysia,Kuala Lumpur,Asia,33938221,33199993,31068833,28717731,22945150,17517054,13215707,10306508,330803,102.5934,1.0109,0.43,23631713,22893485,20762325,18411223,12638642,7210546,2909199
174,MDV,Maldives,Malé,Asia,523787,514438,435582,361575,282507,224957,164887,123243,300,1745.9567,1.0045,0.01,400544,391195,312339,238332,159264,101714,41644
59,MLI,Mali,Bamako,Africa,22593590,21224040,18112907,15529181,11239101,8945026,7372581,6153587,1240192,18.2178,1.0314,0.28,16440003,15070453,11959320,9375594,5085514,2791439,1218994
173,MLT,Malta,Valletta,Europe,533286,515357,456579,418755,399212,365392,333587,315414,316,1687.6139,1.0124,0.01,217872,199943,141165,103341,83798,49978,18173
215,MHL,Marshall Islands,Majuro,Oceania,41569,43413,49410,53416,54224,46047,31988,23969,181,229.663,0.9886,0.0,17600,19444,25441,29447,30255,22078,8019
180,MTQ,Martinique,Fort-de-France,North America,367507,370391,383515,392181,432543,374271,333786,326428,1128,325.8041,0.9965,0.0,41079,43963,57087,65753,106115,47843,7358
126,MRT,Mauritania,Nouakchott,Africa,4736139,4498604,3946220,3419461,2695003,2006027,1506694,1122198,1030700,4.5951,1.0263,0.06,3613941,3376406,2824022,2297263,1572805,883829,384496
157,MUS,Mauritius,Port Louis,Africa,1299469,1297828,1293153,1283330,1215930,1090290,954865,830115,2040,636.9946,1.0004,0.02,469354,467713,463038,453215,385815,260175,124750
182,MYT,Mayotte,Mamoudzou,Africa,326101,305587,249545,211786,159215,92659,52233,35383,374,871.9278,1.0319,0.0,290718,270204,214162,176403,123832,57276,16850
10,MEX,Mexico,Mexico City,North America,127504125,125998302,120149897,112532401,97873442,81720428,67705186,50289306,1964375,64.9082,1.0063,1.6,77214819,75708996,69860591,62243095,47584136,31431122,17415880
194,FSM,Micronesia,Palikir,Oceania,114164,112106,109462,107588,111709,98603,76299,58989,702,162.6268,1.0091,0.0,55175,53117,50473,48599,52720,39614,17310
135,MDA,Moldova,Chisinau,Europe,3272996,3084847,3277388,3678186,4251573,4480199,4103240,3711140,33846,96.7026,1.0691,0.04,-438144,-626293,-433752,-32954,540433,769059,392100
217,MCO,Monaco,Monaco,Europe,36469,36922,36760,33178,32465,30329,27076,24270,2,18234.5,0.9941,0.0,12199,12652,12490,8908,8195,6059,2806
134,MNG,Mongolia,Ulaanbaatar,Asia,3398366,3294335,2964749,2702520,2450979,2161433,1697780,1293880,1564110,2.1727,1.0151,0.04,2104486,2000455,1670869,1408640,1157099,867553,403900
169,MNE,Montenegro,Podgorica,Europe,627082,629048,633966,631044,633324,621442,589324,530268,13812,45.4012,0.9988,0.01,96814,98780,103698,100776,103056,91174,59056
230,MSR,Montserrat,Brades,North America,4390,4500,5059,4938,5138,10805,11452,11402,102,43.0392,0.9939,0.0,-7012,-6902,-6343,-6464,-6264,-597,50
40,MAR,Morocco,Rabat,Africa,37457971,36688772,34680458,32464865,28554415,24570814,19678444,15274351,446550,83.883,1.0103,0.47,22183620,21414421,19406107,17190514,13280064,9296463,4404093
48,MOZ,Mozambique,Maputo,Africa,32969517,31178239,26843246,23073723,17768505,13303459,11413587,8411676,801590,41.1302,1.0278,0.41,24557841,22766563,18431570,14662047,9356829,4891783,3001911
26,MMR,Myanmar,Nay Pyi Taw,Asia,54179306,53423198,51483949,49390988,45538332,40099553,33465781,27284112,676578,80.0784,1.0071,0.68,26895194,26139086,24199837,22106876,18254220,12815441,6181669
145,NAM,Namibia,Windhoek,Africa,2567012,2489098,2282704,2099271,1819141,1369011,975994,754467,825615,3.1092,1.0146,0.03,1812545,1734631,1528237,1344804,1064674,614544,221527
225,NRU,Nauru,Yaren,Oceania,12668,12315,11185,10241,10377,9598,7635,6663,21,603.2381,1.0125,0.0,6005,5652,4522,3578,3714,2935,972
49,NPL,Nepal,Kathmandu,Asia,30547580,29348627,27610325,27161567,24559500,19616530,15600442,12501285,147181,207.5511,1.0171,0.38,18046295,16847342,15109040,14660282,12058215,7115245,3099157
71,NLD,Netherlands,Amsterdam,Europe,17564014,17434557,17041107,16617116,15899135,14944548,14130387,13037686,41850,419.6897,1.0036,0.22,4526328,4396871,4003421,3579430,2861449,1906862,1092701
185,NCL,New Caledonia,Nouméa,Oceania,289950,286403,283032,261426,221537,177264,148599,110982,18575,15.6097,1.0075,0.0,178968,175421,172050,150444,110555,66282,37617
123,NZL,New Zealand,Wellington,Oceania,5185288,5061133,4590590,4346338,3855266,3397389,3147168,2824061,270467,19.1716,1.0108,0.07,2361227,2237072,1766529,1522277,1031205,573328,323107
106,NIC,Nicaragua,Managua,North America,6948392,6755895,6298598,5855734,5123222,4227820,3303309,2444767,130373,53.2962,1.0143,0.09,4503625,4311128,3853831,3410967,2678455,1783053,858542
54,NER,Niger,Niamey,Africa,26207977,24333639,20128124,16647543,11622665,8370647,6173177,4669708,1267000,20.6851,1.0378,0.33,21538269,19663931,15458416,11977835,6952957,3700939,1503469
6,NGA,Nigeria,Abuja,Africa,218541212,208327405,183995785,160952853,122851984,95214257,72951439,55569264,923768,236.5759,1.0241,2.74,162971948,152758141,128426521,105383589,67282720,39644993,17382175
232,NIU,Niue,Alofi,Oceania,1934,1942,1847,1812,2074,2533,3637,5185,260,7.4385,0.9985,0.0,-3251,-3243,-3338,-3373,-3111,-2652,-1548
56,PRK,North Korea,Pyongyang,Asia,26069416,25867467,25258015,24686435,23367059,20799523,17973650,14996879,120538,216.2755,1.0038,0.33,11072537,10870588,10261136,9689556,8370180,5802644,2976771
150,MKD,North Macedonia,Skopje,Europe,2093599,2111072,2107962,2093828,2037936,2044174,1907023,1656783,25713,81.4218,0.9954,0.03,436816,454289,451179,437045,381153,387391,250240
210,NFK,Northern Mariana Islands,Saipan,Oceania,49551,49587,51514,54087,80338,48002,17613,10143,464,106.7909,1.0014,0.0,39408,39444,41371,43944,70195,37859,7470
120,NOR,Norway,Oslo,Europe,5434319,5379839,5190356,4889741,4491202,4241636,4085776,3875546,323802,16.7828,1.0058,0.07,1558773,1504293,1314810,1014195,615656,366090,210230
127,OMN,Oman,Muscat,Asia,4576298,4543399,4191776,2881914,2344253,1804524,1017462,670693,309500,14.7861,1.0123,0.06,3905605,3872706,3521083,2211221,1673560,1133831,346769
5,PAK,Pakistan,Islamabad,Asia,235824862,227196741,210969298,194454498,154369924,115414069,80624057,59290872,881912,267.4018,1.0191,2.96,176533990,167905869,151678426,135163626,95079052,56123197,21333185
222,PLW,Palau,Ngerulmud,Oceania,18055,17972,17794,18540,19726,15293,12252,11366,459,39.3355,1.0017,0.0,6689,6606,6428,7174,8360,3927,886
122,PSE,Palestine,Ramallah,Asia,5250072,5019401,4484614,3992278,3139954,2124609,1453620,1118241,6220,844.063,1.0227,0.07,4131831,3901160,3366373,2874037,2021713,1006368,335379
128,PAN,Panama,Panama City,North America,4408581,4294396,3957099,3623617,3001731,2449968,1956987,1516188,75417,58.4561,1.0132,0.06,2892393,2778208,2440911,2107429,1485543,933780,440799
93,PNG,Papua New Guinea,Port Moresby,Oceania,10142619,9749640,8682174,7583269,5508297,3864972,3104788,2489059,462840,21.9139,1.0194,0.13,7653560,7260581,6193115,5094210,3019238,1375913,615729
109,PRY,Paraguay,Asunción,South America,6780744,6618695,6177950,5768613,5123819,4059195,3078912,2408787,406752,16.6705,1.0115,0.09,4371957,4209908,3769163,3359826,2715032,1650408,670125
44,PER,Peru,Lima,South America,34049588,33304756,30711863,29229572,26654439,22109099,17492406,13562371,1285216,26.4933,1.0099,0.43,20487217,19742385,17149492,15667201,13092068,8546728,3930035
13,PHL,Philippines,Manila,Asia,115559009,112190977,103031365,94636700,77958223,61558898,48419546,37435586,342353,337.5434,1.0147,1.45,78123423,74755391,65595779,57201114,40522637,24123312,10983960
37,POL,Poland,Warsaw,Europe,39857145,38428366,38553146,38597353,38504431,38064255,35521429,32482943,312679,127.4698,1.0404,0.5,7374202,5945423,6070203,6114410,6021488,5581312,3038486
92,PRT,Portugal,Lisbon,Europe,10270865,10298192,10365435,10588401,10300626,10007346,9785252,8683631,92090,111.5307,0.9981,0.13,1587234,1614561,1681804,1904770,1616995,1323715,1101621
136,PRI,Puerto Rico,San Juan,North America,3252407,3271564,3497335,3717922,3827108,3543776,3214568,2737619,8870,366.675,0.9989,0.04,514788,533945,759716,980303,1089489,806157,476949
143,QAT,Qatar,Doha,Asia,2695122,2760385,2414573,1713504,645937,441675,277450,118007,11586,232.6189,1.0026,0.03,2577115,2642378,2296566,1595497,527930,323668,159443
114,COG,Republic of the Congo,Brazzaville,Africa,5970424,5702174,5064386,4437884,3134030,2385435,1829256,1396989,342000,17.4574,1.0231,0.07,4573435,4305185,3667397,3040895,1737041,988446,432267
161,REU,Reunion,Saint-Denis,Africa,974052,957822,922495,890130,785424,658992,551674,473925,2511,387.914,1.0082,0.01,500127,483897,448570,416205,311499,185067,77749
64,ROU,Romania,Bucharest,Europe,19659267,19442038,19906079,20335211,21919876,22836234,22125224,19922618,238391,82.4665,1.0171,0.25,-263351,-480580,-16539,412593,1997258,2913616,2202606
9,RUS,Russia,Moscow,Europe,144713314,145617329,144668389,143242599,146844839,148005704,138257420,130093010,17098242,8.4636,0.9973,1.81,14620304,15524319,14575379,13149589,16751829,17912694,8164410
76,RWA,Rwanda,Kigali,Africa,13776698,13146362,11642959,10309031,8109989,7319962,5247532,3896367,26338,523.0731,1.0234,0.17,9880331,9249995,7746592,6412664,4213622,3423595,1351165
228,BLM,Saint Barthelemy,Gustavia,North America,10967,10681,9643,8988,7082,5168,2983,2417,21,522.2381,1.0098,0.0,8550,8264,7226,6571,4665,2751,566
211,KNA,Saint Kitts and Nevis,Basseterre,North America,47657,47642,47790,47403,45461,40636,43097,44968,261,182.5939,1.0011,0.0,2689,2674,2822,2435,493,-4332,-1871
190,LCA,Saint Lucia,Castries,North America,179857,179237,175623,170935,159500,142301,121633,103090,616,291.9756,1.0011,0.0,76767,76147,72533,67845,56410,39211,18543
220,MAF,Saint Martin,Marigot,North America,31791,32552,35020,36458,29610,28127,7776,5802,53,599.8302,0.9951,0.0,25989,26750,29218,30656,23808,22325,1974
229,SPM,Saint Pierre and Miquelon,Saint-Pierre,North America,5862,5906,5978,6052,6274,6324,6106,5537,242,24.2231,0.9964,0.0,325,369,441,515,737,787,569
199,VCT,Saint Vincent and the Grenadines,Kingstown,North America,103948,104632,106482,109308,113813,112487,107480,98459,389,267.2185,0.9963,0.0,5489,6173,8023,10849,15354,14028,9021
188,WSM,Samoa,Apia,Oceania,222382,214929,203571,194672,184008,168186,164905,142771,2842,78.2484,1.0165,0.0,79611,72158,60800,51901,41237,25415,22134
218,SMR,San Marino,San Marino,Europe,33660,34007,33570,31608,26823,23132,21346,18169,61,551.8033,0.9975,0.0,15491,15838,15401,13439,8654,4963,3177
187,STP,Sao Tome and Principe,São Tomé,Africa,227380,218641,201124,182138,143714,120343,97210,77583,964,235.8714,1.0192,0.0,149797,141058,123541,104555,66131,42760,19627
41,SAU,Saudi Arabia,Riyadh,Asia,36408820,35997107,32749848,29411929,21547390,16004763,10171710,6106191,2149690,16.9368,1.0128,0.46,30302629,29890916,26643657,23305738,15441199,9898572,4065519
72,SEN,Senegal,Dakar,Africa,17316449,16436119,14356181,12530121,9704287,7536001,5703869,4367744,196722,88.025,1.0261,0.22,12948705,12068375,9988437,8162377,5336543,3168257,1336125
105,SRB,Serbia,Belgrade,Europe,7221365,7358005,7519496,7653748,7935022,7987529,7777010,7193533,88361,81.7257,0.9897,0.09,27832,164472,325963,460215,741489,793996,583477
196,SYC,Seychelles,Victoria,Africa,107118,105530,99240,92409,80060,71057,65290,54379,452,236.9867,1.0061,0.0,52739,51151,44861,38030,25681,16678,10911
102,SLE,Sierra Leone,Freetown,Africa,8605718,8233969,7314773,6436698,4584067,4325388,3367477,2778557,71740,119.957,1.022,0.11,5827161,5455412,4536216,3658141,1805510,1546831,588920
113,SGP,Singapore,Singapore,Asia,5975689,5909869,5650018,5163590,4053602,3022209,2400729,2061831,710,8416.4634,1.0058,0.07,3913858,3848038,3588187,3101759,1991771,960378,338898
214,SXM,Sint Maarten,Philipsburg,North America,44175,43621,40205,33034,30489,27845,12243,6260,34,1299.2647,1.003,0.0,37915,37361,33945,26774,24229,21585,5983
116,SVK,Slovakia,Bratislava,Europe,5643453,5456681,5424444,5396424,5376690,5261305,4973883,4522867,49037,115.0856,1.0359,0.07,1120586,933814,901577,873557,853823,738438,451016
148,SVN,Slovenia,Ljubljana,Europe,2119844,2117641,2080862,2057286,1984339,1986024,1901570,1741286,20273,104.5649,1.0002,0.03,378558,376355,339576,316000,243053,244738,160284
166,SLB,Solomon Islands,Honiara,Oceania,724273,691191,612660,540394,429978,324171,233668,172833,28896,25.0648,1.0232,0.01,551440,518358,439827,367561,257145,151338,60835
70,SOM,Somalia,Mogadishu,Africa,17597511,16537016,13763906,12026649,8721465,6999096,5892224,3720977,637657,27.5971,1.0312,0.22,13876534,12816039,10042929,8305672,5000488,3278119,2171247
24,ZAF,South Africa,Pretoria,Africa,59893885,58801927,55876504,51784921,46813266,39877570,29463549,22368306,1221037,49.0517,1.0084,0.75,37525579,36433621,33508198,29416615,24444960,17509264,7095243
29,KOR,South Korea,Seoul,Asia,51815810,51844690,50994401,48813042,46788591,44120039,38170501,32601143,100210,517.0722,0.9997,0.65,19214667,19243547,18393258,16211899,14187448,11518896,5569358
86,SSD,South Sudan,Juba,Africa,10913164,10606227,11194299,9714419,6114440,4750817,4192011,3342410,619745,17.6091,1.0153,0.14,7570754,7263817,7851889,6372009,2772030,1408407,849601
30,ESP,Spain,Madrid,Europe,47558630,47363807,46431342,46572772,40741651,38889889,37491666,33792617,505992,93.9909,1.0015,0.6,13766013,13571190,12638725,12780155,6949034,5097272,3699049
61,LKA,Sri Lanka,Colombo,Asia,21832143,21715079,21336697,20668557,18776371,17204094,14943645,12388769,65610,332.7563,1.0027,0.27,9443374,9326310,8947928,8279788,6387602,4815325,2554876
32,SDN,Sudan,Khartoum,Africa,46874204,44440486,38171178,33739933,26298773,21090886,16673586,11305206,1886068,24.8529,1.0267,0.59,35568998,33135280,26865972,22434727,14993567,9785680,5368380
170,SUR,Suriname,Paramaribo,South America,618040,607065,575475,546080,478998,412756,375112,379918,163820,3.7727,1.0082,0.01,238122,227147,195557,166162,99080,32838,-4806
87,SWE,Sweden,Stockholm,Europe,10549347,10368969,9849349,9381729,8871043,8548406,8311763,8027702,450295,23.4276,1.0079,0.13,2521645,2341267,1821647,1354027,843341,520704,284061
101,CHE,Switzerland,Bern,Europe,8740472,8638613,8281732,7822435,7182059,6711693,6319113,6181227,41284,211.7157,1.0056,0.11,2559245,2457386,2100505,1641208,1000832,530466,137886
60,SYR,Syria,Damascus,Asia,22125249,20772595,19205178,22337563,16307654,12408996,8898954,6319199,185180,119.4797,1.0376,0.28,15806050,14453396,12885979,16018364,9988455,6089797,2579755
57,TWN,Taiwan,Taipei,Asia,23893394,23821464,23512136,23083083,22194731,20586174,18100281,14957870,36193,660.1662,1.0014,0.3,8935524,8863594,8554266,8125213,7236861,5628304,3142411
95,TJK,Tajikistan,Dushanbe,Asia,9952787,9543207,8524063,7621779,6272998,5417860,4045965,2993019,143100,69.5513,1.0208,0.12,6959768,6550188,5531044,4628760,3279979,2424841,1052946
22,TZA,Tanzania,Dodoma,Africa,65497748,61704518,52542823,45110527,34463704,26206012,19297659,13618192,945087,69.3034,1.03,0.82,51879556,48086326,38924631,31492335,20845512,12587820,5679467
20,THA,Thailand,Bangkok,Asia,71697030,71475664,70294397,68270489,63066603,55228410,45737753,35791728,513120,139.7276,1.0013,0.9,35905302,35683936,34502669,32478761,27274875,19436682,9946025
155,TLS,Timor-Leste,Dili,Asia,1341296,1299995,1205813,1088486,878360,758106,642224,554021,14874,90.1772,1.0154,0.02,787275,745974,651792,534465,324339,204085,88203
100,TGO,Togo,Lomé,Africa,8848699,8442580,7473229,6571855,5008035,3875947,2838110,2197383,56785,155.8281,1.0236,0.11,6651316,6245197,5275846,4374472,2810652,1678564,640727
233,TKL,Tokelau,Nukunonu,Oceania,1871,1827,1454,1367,1666,1669,1647,1714,12,155.9167,1.0119,0.0,157,113,-260,-347,-48,-45,-67
197,TON,Tonga,Nuku‘alofa,Oceania,106858,105254,106122,107383,102603,98727,96708,86484,747,143.0495,1.0079,0.0,20374,18770,19638,20899,16119,12243,10224
153,TTO,Trinidad and Tobago,Port-of-Spain,North America,1531044,1518147,1460177,1410296,1332203,1266518,1127852,988890,5130,298.4491,1.0035,0.02,542154,529257,471287,421406,343313,277628,138962
79,TUN,Tunisia,Tunis,Africa,12356117,12161723,11557779,10895063,9893316,8440023,6578156,5047404,163610,75.5218,1.0076,0.15,7308713,7114319,6510375,5847659,4845912,3392619,1530752
18,TUR,Turkey,Ankara,Asia,85341241,84135428,79646178,73195345,64113547,54324142,44089069,35540990,783562,108.9145,1.0067,1.07,49800251,48594438,44105188,37654355,28572557,18783152,8548079
111,TKM,Turkmenistan,Ashgabat,Asia,6430770,6250438,5766431,5267970,4569132,3720278,2862903,2201432,488100,13.1751,1.014,0.08,4229338,4049006,3564999,3066538,2367700,1518846,661471
212,TCA,Turks and Caicos Islands,Cockburn Town,North America,45703,44276,36538,29726,18744,11709,7598,5665,948,48.2099,1.0131,0.0,40038,38611,30873,24061,13079,6044,1933
227,TUV,Tuvalu,Funafuti,Oceania,11312,11069,10877,10550,9638,9182,7731,5814,26,435.0769,1.0096,0.0,5498,5255,5063,4736,3824,3368,1917
31,UGA,Uganda,Kampala,Africa,47249585,44404611,37477356,32341728,24020697,17586630,13284026,10317212,241550,195.61,1.0304,0.59,36932373,34087399,27160144,22024516,13703485,7269418,2966814
38,UKR,Ukraine,Kiev,Europe,39701739,43909666,44982564,45683020,48879755,51589817,49973920,47279086,603500,65.7858,0.912,0.5,-7577347,-3369420,-2296522,-1596066,1600669,4310731,2694834
97,ARE,United Arab Emirates,Abu Dhabi,Asia,9441129,9287289,8916899,8481771,3275333,1900151,1014048,298084,83600,112.9322,1.0081,0.12,9143045,8989205,8618815,8183687,2977249,1602067,715964
21,GBR,United Kingdom,London,Europe,67508936,67059474,65224364,62760039,58850043,57210442,56326328,55650166,242900,277.9289,1.0034,0.85,11858770,11409308,9574198,7109873,3199877,1560276,676162
3,USA,United States,"Washington, D.C.",North America,338289857,335942003,324607776,311182845,282398554,248083732,223140018,200328340,9372610,36.0935,1.0038,4.24,137961517,135613663,124279436,110854505,82070214,47755392,22811678
200,VIR,United States Virgin Islands,Charlotte Amalie,North America,99465,100442,102803,106142,108185,100685,96640,63446,347,286.6427,0.9937,0.0,36019,36996,39357,42696,44739,37239,33194
133,URY,Uruguay,Montevideo,South America,3422794,3429086,3402818,3352651,3292224,3117012,2953750,2790265,181034,18.9069,0.999,0.04,632529,638821,612553,562386,501959,326747,163485
43,UZB,Uzbekistan,Tashkent,Asia,34627652,33526656,30949417,28614227,24925554,20579100,15947129,12011361,447400,77.3975,1.016,0.43,22616291,21515295,18938056,16602866,12914193,8567739,3935768
181,VUT,Vanuatu,Port-Vila,Oceania,326740,311685,276438,245453,192074,150882,118156,87019,12189,26.8061,1.0238,0.0,239721,224666,189419,158434,105055,63863,31137
234,VAT,Vatican City,Vatican City,Europe,510,520,564,596,651,700,733,752,1,510.0,0.998,0.0,-242,-232,-188,-156,-101,-52,-19
51,VEN,Venezuela,Caracas,South America,28301696,28490453,30529716,28715022,24427729,19750579,15210443,11355475,916445,30.882,1.0036,0.35,16946221,17134978,19174241,17359547,13072254,8395104,3854968
16,VNM,Vietnam,Hanoi,Asia,98186856,96648685,92191398,87411012,79001142,66912613,52968270,41928849,331212,296.4472,1.0074,1.23,56258007,54719836,50262549,45482163,37072293,24983764,11039421
226,WLF,Wallis and Futuna,Mata-Utu,Oceania,11572,11655,12182,13142,14723,13454,11315,9377,142,81.493,0.9953,0.0,2195,2278,2805,3765,5346,4077,1938
172,ESH,Western Sahara,El Aaiún,Africa,575986,556048,491824,413296,270375,178529,116775,76371,266000,2.1654,1.0184,0.01,499615,479677,415453,336925,194004,102158,40404
46,YEM,Yemen,Sanaa,Asia,33696614,32284046,28516545,24743946,18628700,13375121,9204938,6843607,527968,63.8232,1.0217,0.42,26853007,25440439,21672938,17900339,11785093,6531514,2361331
63,ZMB,Zambia,Lusaka,Africa,20017675,18927715,16248230,13792086,9891136,7686401,5720438,4281671,752612,26.5976,1.028,0.25,15736004,14646044,11966559,9510415,5609465,3404730,1438767
74,ZWE,Zimbabwe,Harare,Africa,16320537,15669666,14154937,12839771,11834676,10113893,7049926,5202918,390757,41.7665,1.0204,0.2,11117619,10466748,8952019,7636853,6631758,4910975,1847008
